EXT_SOURCE_2,EXT_SOURCE_3,EXT_SOURCE_1,CODE_GENDER,DAYS_EMPLOYED,PAYMENT_RATE,INSTAL_DPD_MEAN,AMT_ANNUITY,NAME_EDUCATION_TYPE_Higher education,AMT_GOODS_PRICE,OWN_CAR_AGE,PREV_APP_CREDIT_PERC_MEAN,POS_MONTHS_BALANCE_SIZE,APPROVED_CNT_PAYMENT_MEAN,BURO_CREDIT_ACTIVE_Closed_MEAN,PREV_CNT_PAYMENT_MEAN,INSTAL_AMT_PAYMENT_SUM,FLAG_DOCUMENT_3,DAYS_BIRTH,INSTAL_PAYMENT_PERC_MEAN,TARGET,SK_ID_CURR,PRED,PREDproba,cluster
0.6629773153478921,,0.5009088684263874,1,-6995.0,0.08044848035581913,0.0,39069.0,1,450000.0,3.0,1.0395489734096264,6.0,11.0,,11.0,78734.88,1,-14148,1.0,0.0,273128,0.0,0.4598467520714892,1
0.2883013192677912,0.1054731864873376,0.2224428771081202,0,-3564.0,0.05135,0.963855421686747,23107.5,0,450000.0,17.0,0.8661441781304194,76.0,20.0,0.6153846153846154,24.666666666666668,1007684.2350000002,1,-11141,0.8433734939759037,1.0,132098,0.0,0.1798884428390196,0
0.5139115414002371,0.3962195720630885,,0,-1089.0,0.10500474814620249,0.9591836734693877,46773.0,0,400500.0,,1.011168912127263,47.0,14.5,0.7142857142857143,14.5,2796745.8600000013,1,-13145,0.9387755102040817,0.0,249887,0.0,0.36082594200021667,5
0.6248636330427406,0.633031641417419,,1,-7055.0,0.06141842800528401,0.24074074074074073,33475.5,1,450000.0,14.0,1.0466534014440039,61.0,10.8,0.8,10.8,1086665.0849999995,1,-19765,0.9814814814814815,0.0,349222,1.0,0.5410650517681069,0
0.4498158491227103,0.7649392739475195,,0,-4646.0,0.032420701168614355,10.541666666666666,26217.0,0,675000.0,24.0,0.9448403272631302,15.0,14.0,0.0,14.0,74394.27,1,-19126,0.5833333333333334,0.0,109251,0.0,0.32435611214440374,1
0.5194105368073508,,0.6752173919812415,1,-2478.0,0.0715202144038319,0.0,22576.5,0,292500.0,,0.9524006512979298,31.0,10.666666666666666,1.0,10.666666666666666,455754.41999999987,1,-15048,1.0,0.0,379276,0.0,0.34987366989690294,1
0.4759388076395944,,0.7126806370809151,1,-344.0,0.054247237569060774,1.6206896551724137,28278.0,1,450000.0,,0.95227041899212,26.0,12.0,,28.0,75926.16,1,-19324,0.8275862068965516,1.0,413382,0.0,0.18868030679047199,1
0.5675454133171539,0.1704461230452281,,1,-828.0,0.06790597634045169,0.0,7956.0,0,103500.0,,0.8590583835249561,10.0,36.0,0.625,30.0,359356.86,1,-20656,1.0,0.0,434836,0.0,0.19691427005390927,1
0.1923160541736026,0.2392262794694045,,1,-2444.0,0.033170644299768764,0.0,34987.5,0,945000.0,,0.9319575274359896,78.0,12.4,0.7272727272727273,12.0,2583770.220000001,1,-12415,1.093359302994866,0.0,166709,0.0,0.2463016436138834,5
0.2387344572957865,0.4525335592581747,,0,-5048.0,0.029237623846723973,0.23809523809523808,30888.0,0,922500.0,,0.7073069695402558,48.0,23.5,0.0,23.5,1747492.740000001,1,-20365,0.9404761904761907,0.0,428302,0.0,0.2784975920859156,2
0.6358991326942871,0.7121551551910698,,1,-338.0,0.09767979522747915,1.6842105263157894,47911.5,0,454500.0,1.0,1.0208915986466893,15.0,10.0,0.8,9.5,828447.7050000001,1,-19000,1.092140522741874,0.0,229989,1.0,0.6220694493697052,0
0.5960864646173853,0.4223696523543468,,1,-2386.0,0.02645181061341233,0.0,46611.0,0,1575000.0,9.0,0.895012203465161,79.0,21.428571428571427,0.2,21.428571428571427,4462409.835000002,1,-21311,1.1453750227009596,0.0,242243,0.0,0.4367962447842212,4
0.6815801670439084,0.7570690154522959,,1,-9574.0,0.05344210107441305,0.0,42304.5,0,733500.0,,1.0222235940490154,51.0,11.6,1.0,11.6,1551946.1400000004,1,-17722,1.0,0.0,325465,1.0,0.7150463439190848,2
0.5880534663956191,0.3185955240537633,0.8058684970168448,1,,0.029376190476190476,0.2037037037037037,27760.5,1,945000.0,,0.7544172726279901,51.0,46.0,0.42857142857142855,34.5,4984089.029999999,1,-21368,1.5646412301198154,0.0,397097,1.0,0.6045678163773418,4
0.326492155429736,0.2764406945454034,0.2214522011861383,1,-1008.0,0.03317573310667234,0.0,33723.0,0,877500.0,64.0,0.978041465103628,8.0,8.0,0.6,8.0,40633.29,1,-8275,1.0,0.0,264985,0.0,0.30879462789081424,3
0.4205258850293776,0.6940926425266661,,1,-752.0,0.048343890043311716,0.6748466257668712,26068.5,0,409500.0,,0.8245751281438372,59.0,18.571428571428573,1.0,18.571428571428573,1874972.924999999,1,-16564,0.9754601226993865,0.0,173243,0.0,0.2796258301599067,2
0.227685220878176,0.2940831009471255,,1,-1929.0,0.07290159189580318,0.225,21762.0,0,270000.0,,0.9237052484731711,80.0,20.0,0.6666666666666666,14.666666666666666,1969882.2899999998,1,-18251,0.9532641254873653,0.0,450943,0.0,0.1928398008010297,2
0.6880416859885441,,,1,-8087.0,0.04260068161090577,0.03125,23962.5,0,454500.0,15.0,0.9679757919631341,11.0,5.0,,20.5,343308.46499999997,1,-14791,1.0,0.0,360598,0.0,0.21030995783443385,1
0.6317323285931947,0.7267112092725122,,1,,0.04868,0.0,10953.0,0,225000.0,,0.8426469398597859,69.0,11.6,0.75,10.545454545454545,1360370.5650000004,1,-19591,1.0280873675281894,0.0,409706,1.0,0.5123186255669172,0
0.1022680367531556,0.5602843280409464,0.7180781983609117,1,,0.05,0.24675324675324675,18000.0,0,360000.0,,0.8118685047690398,124.0,15.538461538461538,0.75,14.428571428571429,5172771.284999999,0,-21006,0.9902231948405777,0.0,142608,1.0,0.5937733031023773,4
0.3049230795417186,0.656158373001177,,1,,0.044049606487002145,0.2777777777777778,8311.5,0,157500.0,,0.9536959656951074,19.0,18.0,1.0,18.0,147186.495,0,-20897,0.9444444444444444,0.0,214185,0.0,0.4222041013795438,1
0.6317018035543432,,,1,-838.0,0.05,,9000.0,0,180000.0,,,,,,,,1,-13600,,0.0,412807,0.0,0.14418170318483092,1
0.580085145332955,,0.3073676497555326,0,-495.0,0.09755374351371386,0.22727272727272727,94752.0,0,900000.0,,0.9334627735045926,20.0,36.0,0.0,36.0,5682331.4849999985,0,-12981,1.7021665931456895,0.0,142781,0.0,0.27283099497268326,4
0.5807987477913534,0.3490552510751822,0.5957020461152938,1,-3763.0,0.029339853300733496,0.0,37800.0,0,1125000.0,,0.80418410041841,21.0,24.0,0.3333333333333333,24.0,151060.13999999996,1,-14237,1.0,0.0,301554,1.0,0.6523454567197896,3
0.6976047485050194,0.7338145369642702,,0,-1793.0,0.05,0.0,40500.0,0,810000.0,19.0,1.2997832666818505,24.0,7.5,1.0,7.5,512036.19000000006,0,-15597,1.2052778703128568,0.0,237351,1.0,0.6529491791070909,3
0.5486396199757174,0.4014074137749511,0.177098871125796,1,-4018.0,0.04899986239507625,0.8151260504201681,17626.5,0,297000.0,,0.944213756091021,109.0,14.75,0.3333333333333333,20.833333333333332,1939524.1649999993,1,-14733,0.865546218487395,1.0,261794,0.0,0.37324023247396276,2
0.5950909855627909,0.2925880073368475,,1,,0.05141999249343175,1.710144927536232,18495.0,0,310500.0,,0.5949380110092278,20.0,12.666666666666666,0.3333333333333333,12.666666666666666,794959.8300000001,1,-21856,0.9565217391304348,0.0,390701,0.0,0.2253230656466484,0
0.6932184276975846,,,1,,0.05324136993748301,0.4166666666666667,7051.5,0,117000.0,,0.9878970120030042,18.0,10.5,,10.5,622955.25,0,-19444,1.0,0.0,395746,0.0,0.31493653085333095,0
0.3978825459659278,0.5460231970049609,0.5996279360457454,1,-509.0,0.03602795460004804,0.7818181818181819,43195.5,1,1035000.0,,0.8277982393333296,52.0,10.4,0.5,10.4,1428160.904999999,1,-16571,0.9272727272727271,0.0,216501,1.0,0.6373494033731901,2
0.6356915230788567,0.7338145369642702,,1,,0.09741407002891102,0.16,16375.5,0,148500.0,,0.7707248991686055,58.0,19.2,0.5,19.2,1867173.9299999992,1,-22198,1.0737192885799496,0.0,266617,1.0,0.5970196141900446,2
0.5291892131716356,0.7751552674785404,,0,-404.0,0.05,0.0,16875.0,1,337500.0,22.0,1.2755486915054102,47.0,9.857142857142858,0.8888888888888888,9.7,1934797.6349999998,0,-14043,1.4273132375497015,0.0,383307,1.0,0.6436616562683056,2
0.7279065049139775,0.8193176922872417,,1,-3363.0,0.04535682572323223,1.1458333333333333,34938.0,0,688500.0,5.0,1.1275851773435754,55.0,12.571428571428571,0.875,12.571428571428571,1391143.23,1,-11690,0.9166666666666666,0.0,285641,1.0,0.583286994751771,2
0.5712181108808126,0.5726825047161584,0.5979524106768384,1,-1138.0,0.10691895588738173,0.025,16884.0,0,139500.0,7.0,0.7040742177995948,52.0,22.8,0.4444444444444444,22.8,1586247.7950000004,1,-17075,1.0,0.0,415193,1.0,0.7233416804284308,2
0.4091031854924663,0.5884877883422673,,1,-1299.0,0.0489782527184102,0.056338028169014086,18810.0,0,270000.0,,0.8043784275179368,40.0,21.333333333333332,0.8181818181818182,18.8,4805342.100000001,1,-13940,0.9859154929577465,0.0,136032,0.0,0.2895633005332823,4
0.5413680384938626,,0.4681882483555295,1,-108.0,0.04661428571428571,0.0,14683.5,1,315000.0,,1.0,,0.0,,0.0,46634.850000000006,1,-8774,1.0,0.0,338871,0.0,0.32726677607932964,1
0.159429981605314,0.3474182272002641,,0,-4823.0,0.1199067679558011,1.037037037037037,12501.0,0,90000.0,6.0,0.929023972566023,49.0,31.5,0.7777777777777778,28.8,2327324.174999999,0,-16510,0.8518518518518517,0.0,285353,0.0,0.24177956785210675,2
0.6470132777674189,,0.7414421636580631,1,-339.0,0.04430909090909091,0.09649122807017543,21933.0,0,495000.0,,0.7105189803808842,67.0,11.6,,11.6,1360992.4649999994,1,-14453,0.9912280701754386,0.0,124035,0.0,0.4641902706654998,0
0.6259753055369675,0.7688075728291359,0.7147360476303658,1,,0.03805690012842043,0.2761904761904762,13869.0,0,238500.0,,0.8999723317467642,106.0,38.0,0.5,42.90909090909091,4550150.969999997,0,-22156,1.053437886806196,0.0,277922,1.0,0.7589629928014854,4
0.4984656906883334,0.2471909382666521,,1,,0.02935726210350584,0.24096385542168675,31653.0,0,900000.0,,0.7253389416615583,56.0,18.0,0.5333333333333333,18.0,2818428.3449999993,0,-22157,1.0850478967669892,0.0,352063,0.0,0.22041347935070654,5
0.632505277056821,,,1,-843.0,0.046822272215973,0.18181818181818182,29970.0,0,450000.0,,0.9364549492107103,57.0,14.25,,19.333333333333332,841334.1750000009,1,-9926,0.9848484848484849,0.0,373463,0.0,0.13643274770476155,0
0.5564680621416129,0.7826078370261895,,1,-1060.0,0.0714947580218151,0.0,24304.5,0,315000.0,14.0,1.4899542956503486,49.0,9.2,0.6666666666666666,15.777777777777779,766603.5300000003,1,-9818,1.0,0.0,304620,1.0,0.5002604521867917,0
0.7617091365045414,,0.7332788107992145,1,-200.0,0.04835,0.12582781456953643,26109.0,1,540000.0,4.0,0.9537697008704527,61.0,18.571428571428573,,21.833333333333332,5205998.295,1,-14241,1.1995521303650682,0.0,363653,1.0,0.5111825935044598,4
0.5526652253287372,,,0,-2706.0,0.029235294117647057,0.475,22365.0,0,765000.0,,0.9250726732300008,41.0,32.0,,32.0,4671241.469999999,0,-19805,1.6883427865805856,0.0,192185,0.0,0.1243549321373918,4
0.6721103287060048,0.5424451438613613,0.7547019875420664,1,-3795.0,0.0398022853893691,0.4647887323943662,35910.0,0,729000.0,3.0,0.8006295394481219,61.0,19.0,0.6,18.857142857142858,6126901.379999996,0,-18348,1.3188368191704902,0.0,144872,1.0,0.8449402973340414,4
0.2542454862229005,0.5744466170995097,,1,,0.042367218308116225,24.096153846153847,46219.5,0,1003500.0,,1.0344281191650515,94.0,10.8,0.5,10.666666666666666,833268.0150000006,0,-21344,0.9807692307692307,0.0,442254,0.0,0.36863292430726335,3
0.6330845419711157,0.4686596550493113,,1,,0.05791519434628975,0.8552631578947368,14751.0,0,225000.0,,0.9376463688742488,72.0,27.25,0.8333333333333334,29.0,6444352.800000002,0,-23799,1.228422970338071,0.0,392448,0.0,0.29024086544442973,4
0.7617448569993923,0.434733248750173,,1,-3803.0,0.048109243697478994,0.44642857142857145,40189.5,0,675000.0,,0.9225564160580957,33.0,22.0,0.5,27.428571428571427,5510883.375,1,-19816,1.0497058030984352,0.0,212680,0.0,0.3241054663831119,4
0.7769859109583569,,,0,-4015.0,0.06696265104357378,0.0,65835.0,0,900000.0,12.0,0.8515967438948028,7.0,6.0,,6.0,160252.47,1,-15165,1.0,0.0,276285,0.0,0.28088000553506665,3
0.2073923686924492,0.5531646987710016,,1,-2204.0,0.06390646976090014,0.08695652173913043,22900.5,1,283500.0,,1.0315621532667698,25.0,11.333333333333334,0.6666666666666666,11.333333333333334,260718.74999999994,1,-11523,0.9565217391304348,0.0,395742,0.0,0.3477357084188587,1
0.709854177406774,0.7380196196295241,,1,-1965.0,0.05,0.0,10125.0,0,202500.0,7.0,1.347228815340297,47.0,26.0,1.0,26.0,2076616.6649999984,0,-20381,1.4561019829236348,0.0,127199,1.0,0.6838258865862239,2
0.1433133070433437,0.164414178829907,0.1527730193310395,0,-826.0,0.06764607679465777,1.0875,18234.0,0,225000.0,16.0,0.7590135355438234,38.0,19.2,0.6666666666666666,29.333333333333332,1358364.87,1,-11131,0.9778401603472326,1.0,123050,0.0,0.128815696423218,0
0.7043743818987112,0.622922000268356,,1,-4188.0,0.03991185762705864,0.2222222222222222,20295.0,0,454500.0,,1.0613165194359628,72.0,16.0,0.9090909090909091,14.5,1619145.2249999992,1,-20298,0.9814814814814814,0.0,109800,1.0,0.5937647229982969,2
0.3966154293110496,0.6479768603302221,0.5116556035812906,1,-789.0,0.03317506906077348,0.0,34587.0,0,900000.0,,1.1688740270686326,18.0,9.0,0.0,9.0,897894.0000000001,1,-14728,1.0,0.0,387281,1.0,0.7283610118090853,0
0.6675353013811383,0.1766525794312139,0.2935594573666247,0,-1960.0,0.0917,0.06862745098039216,8253.0,1,90000.0,11.0,0.8832735142606555,104.0,18.5,0.625,19.11111111111111,1233074.8799999997,0,-10677,0.9803921568627451,0.0,424329,1.0,0.5748213094913293,0
0.6604465875912057,0.7407990879702335,,0,-2467.0,0.057405063291139244,0.2988505747126437,16326.0,0,225000.0,16.0,1.0047843753602304,87.0,16.285714285714285,1.0,16.285714285714285,1731564.765,0,-20565,0.9195402298850575,0.0,121756,1.0,0.5782888932444181,2
0.5168608609426841,0.5744466170995097,,1,-2188.0,0.05,0.013157894736842105,18000.0,0,360000.0,,0.9487483649241887,82.0,17.25,0.5,17.25,2995614.7199999983,0,-14844,1.0,0.0,125236,0.0,0.4714794667734028,5
0.6981349818273523,0.5691487713619409,,1,,0.05,0.0,22500.0,0,450000.0,,1.0760181701473719,83.0,20.25,0.5,20.25,3242059.7400000007,0,-23237,1.0,0.0,112876,1.0,0.5888102518113364,5
0.4445775587652157,0.4614823912998385,,1,-3717.0,0.02933649480104248,0.47058823529411764,39307.5,0,1170000.0,26.0,0.9544224888261587,11.0,9.0,0.0,6.0,339058.39499999996,1,-16354,1.0,0.0,391119,0.0,0.24204255663149965,3
0.623812224540433,,,1,-4625.0,0.02924,0.8163265306122449,26316.0,0,900000.0,,0.9787873339356669,42.0,13.333333333333334,0.6666666666666666,13.333333333333334,330815.88,1,-13802,0.8163265306122449,0.0,178452,0.0,0.2201232197728351,3
0.4085746686980796,0.7517237147741489,0.408670875961817,1,-924.0,0.03705625,0.25806451612903225,26680.5,1,720000.0,2.0,0.9741651163081266,63.0,10.25,0.8,8.2,1077368.3099999991,1,-13331,0.9354838709677419,0.0,321460,1.0,0.7489593268115289,0
0.5785609664263514,0.4525335592581747,0.5293691884901119,0,-1167.0,0.045358823529411764,1.463768115942029,34699.5,0,765000.0,,0.9648960042772112,66.0,15.0,0.5,19.714285714285715,2195066.6550000003,0,-19797,0.8695652173913044,0.0,422119,1.0,0.6137368874658151,2
0.344191494398425,0.470456116119975,,1,,0.043333333333333335,0.0,5850.0,1,135000.0,,1.0,24.0,36.0,0.0,36.0,131754.59999999995,1,-24114,1.0,0.0,217525,0.0,0.3720021639861725,1
0.6274895446488435,0.6075573001388961,0.6151785281802076,0,-3152.0,0.0721477565917815,0.0,61911.0,0,810000.0,,1.1663380707347233,24.0,6.666666666666667,0.8888888888888888,6.666666666666667,338855.8049999999,1,-15068,1.0,0.0,127108,1.0,0.8449495696123918,3
0.1499394814612422,0.4294236843421945,,0,-2422.0,0.048105112620665,0.104,36328.5,0,675000.0,,0.8944470729273117,54.0,15.4,0.9,18.363636363636363,1649373.2099999997,0,-14178,0.976,0.0,111921,0.0,0.2303648559148972,2
0.7665176393089628,0.7062051096536562,0.3424752977083534,0,-677.0,0.03304920139615716,0.0,30550.5,0,702000.0,2.0,0.9126533630119235,145.0,22.142857142857142,0.7272727272727273,21.066666666666666,5554657.9799999995,1,-15659,1.0,0.0,207495,1.0,0.7715982212345089,4
0.6566702624445186,,,1,-300.0,0.039759242746416075,3.75,52168.5,1,1125000.0,,1.0667555414640262,22.0,10.0,1.0,10.0,221659.515,0,-13088,0.7916666666666669,0.0,333848,0.0,0.33170514247811933,3
0.7178848471188273,0.5406544504453575,0.6524701600535511,1,-6328.0,0.05596850970340535,0.0,55026.0,0,900000.0,8.0,0.8993741200262552,84.0,34.0,0.0,34.0,2702762.774999998,1,-13333,1.0,0.0,309282,1.0,0.8162887906201892,5
0.1942151121136184,0.6706517530862718,,1,,0.042785499355208485,0.08974358974358974,13437.0,1,238500.0,,0.8569733464251362,87.0,23.333333333333332,0.8333333333333334,23.333333333333332,5355085.005000001,1,-21948,1.1275916149411551,0.0,102061,0.0,0.3940765537933957,4
0.6981488069364831,,0.7138936400575716,1,,0.04249642474079371,0.08982035928143713,42790.5,0,900000.0,1.0,0.9512020485556075,69.0,19.0,,19.0,4694001.030000004,0,-18957,1.029643189758727,0.0,296060,0.0,0.4897202056174368,4
0.5520217945822617,0.7557400501752248,,0,-1206.0,0.03966,2.064516129032258,35694.0,0,900000.0,,1.1712046382330195,35.0,9.166666666666666,1.0,17.5,424262.25000000006,1,-23444,0.8709677419354838,0.0,151853,0.0,0.3933288678763853,3
0.5778303202308306,0.5656079814115492,,0,-2267.0,0.10819787985865724,0.18181818181818182,27558.0,0,225000.0,12.0,1.1269359090385567,24.0,12.0,0.8333333333333334,12.0,254116.39500000005,1,-9125,0.9090909090909091,0.0,201637,0.0,0.4980691181686592,1
0.5542649223776017,,,1,-554.0,0.04654285714285714,0.0,29322.0,0,630000.0,,0.9570014226403042,11.0,16.0,,16.0,761665.9950000001,1,-11922,1.0,0.0,329234,0.0,0.14426465633766872,0
0.1951716820861782,0.3123653692278984,,0,-506.0,0.03946511627906977,,15273.0,0,387000.0,,,,,0.3333333333333333,,,1,-20025,,1.0,280063,0.0,0.17958890191702626,1
0.4228029460363793,0.4188542886233217,0.8100243671643904,0,-1035.0,0.07927106233761515,0.45544554455445546,39267.0,0,459000.0,,0.9452695714992372,86.0,16.0,0.875,18.857142857142858,2488536.629999999,1,-17704,0.9207920792079209,0.0,173642,1.0,0.5658945642801343,5
0.6685245957479602,0.4525335592581747,0.3864310056836479,1,-1017.0,0.032420701168614355,0.16666666666666666,26217.0,0,675000.0,,0.8351047169563922,62.0,16.0,0.0,31.714285714285715,1672259.0849999988,1,-12652,0.9807692307692307,0.0,365191,0.0,0.4773183233879651,2
0.6763370380599962,0.2750003523983893,0.3561381921336386,0,-1845.0,0.0793,0.012987012987012988,35685.0,1,450000.0,,0.7701816741014159,19.0,12.0,0.6875,22.0,1954683.7649999992,1,-15892,1.0,1.0,156322,0.0,0.42988404018777204,2
0.8030106606529831,,0.7923666302725153,0,-5401.0,0.05,,45000.0,1,900000.0,1.0,,,,,,,0,-18853,,0.0,195273,1.0,0.5201610061332651,3
0.2352586789186742,0.4614823912998385,0.3739547034380046,1,-691.0,0.11868,0.09803921568627451,26703.0,1,225000.0,14.0,0.9781444253358808,57.0,13.25,0.2,13.090909090909092,1580858.0100000007,1,-12273,0.9803921568627451,0.0,126557,1.0,0.535620414098988,2
0.6266969252027663,0.7338145369642702,,0,-7948.0,0.06510846625414556,37.11904761904762,20407.5,0,283500.0,,0.9267179602203479,91.0,24.0,0.5,25.5,2793334.68,1,-23736,0.9047619047619048,0.0,171441,0.0,0.44085763176954595,5
0.6465286822908516,0.434733248750173,,1,-1963.0,0.06404247528377884,0.8070175438596491,62964.0,1,900000.0,6.0,1.2227049667601333,52.0,17.0,0.5555555555555556,17.333333333333332,4518800.909999998,1,-14212,0.8596491228070177,0.0,405791,0.0,0.33979693563891944,4
0.5818099924005498,0.7309873696832169,,1,-976.0,0.09888796508002494,0.49230769230769234,8563.5,1,76500.0,,0.8865553936567987,65.0,7.0,0.6666666666666666,7.0,2605121.414999999,1,-19916,1.1268549639283694,0.0,144952,1.0,0.6509026035761454,5
0.5872639358438011,0.7338145369642702,0.6311128522925898,1,-2420.0,0.049100710689482116,0.061224489795918366,13648.5,1,229500.0,10.0,0.8750679451483927,52.0,30.0,0.875,34.5,2679780.284999999,1,-14686,1.1672610492335047,0.0,298416,1.0,0.8060208922804806,5
0.7345249206006668,0.746300213050371,,1,-151.0,0.04256,0.2111111111111111,28728.0,1,675000.0,6.0,0.8837217157004237,88.0,33.2,0.8333333333333334,40.857142857142854,2878941.644999995,1,-18642,0.95,0.0,153702,1.0,0.5182641419908123,5
0.7350874054049659,0.6075573001388961,0.5909265095526377,0,-2413.0,0.0552650429799427,0.22727272727272727,6943.5,1,90000.0,,0.8959768749505028,25.0,12.0,0.7142857142857143,12.0,1845457.4250000017,1,-14508,0.8977272727272727,0.0,176632,1.0,0.825770050192747,2
0.5493434931046106,0.5262949398096192,0.3685529048621132,1,-246.0,0.036012956419316844,0.1694915254237288,49531.5,1,1215000.0,,0.8553785591874952,60.0,14.222222222222221,0.3333333333333333,17.09090909090909,1348504.6049999997,0,-16487,1.0587430158818962,0.0,253633,1.0,0.6863526061287257,2
0.6232732454463407,0.5316861425197883,,0,-6826.0,0.048255,0.2,43429.5,1,900000.0,8.0,0.9860559624275442,42.0,12.8,0.3333333333333333,12.8,3157166.9249999993,0,-14906,0.95,0.0,201594,1.0,0.6377499212416876,5
0.5919889679643271,0.1008037063175332,,1,-3563.0,0.03558288770053476,0.6842105263157895,29943.0,0,841500.0,,0.8670044810378668,40.0,20.0,0.6363636363636364,28.2,908414.3700000002,1,-11464,0.9210526315789473,0.0,371639,0.0,0.1781669858535918,0
0.7179866973943008,0.4241303111942548,0.6103438786956382,1,-1184.0,0.11386873128490113,0.0,18994.5,0,144000.0,,0.9827214826543457,23.0,30.0,0.3333333333333333,22.5,1433223.9000000004,1,-14966,1.0,0.0,311762,1.0,0.7809906442602574,0
0.6485599552602459,0.4436153084085652,,1,-4977.0,0.03809,0.0,51421.5,1,1350000.0,,0.9593693812217691,29.0,24.0,0.5,24.0,1976802.6600000001,1,-21433,1.0,0.0,110405,1.0,0.5073590965722246,2
0.2477339906551195,0.5406544504453575,,1,-5309.0,0.03249640489925453,41.604166666666664,17694.0,0,454500.0,,0.9193558188501155,111.0,19.0,0.6153846153846154,21.692307692307693,1165990.545,1,-16115,0.8541666666666665,0.0,124083,0.0,0.3619448100722845,0
0.6202905601503291,,0.5959511048315976,0,-1689.0,0.06391,0.046511627906976744,28759.5,0,450000.0,12.0,0.9303323681327934,43.0,33.0,,33.0,4585396.815,0,-15322,2.052480289981099,0.0,433674,0.0,0.22890908400496646,4
0.6453283897753866,0.4418358231994413,,1,-1182.0,0.04833912958689505,0.0,26770.5,0,495000.0,,0.7706548934895939,85.0,25.714285714285715,0.4444444444444444,25.714285714285715,3026673.9900000016,1,-13098,1.0,0.0,102267,0.0,0.18647760212508113,5
0.2096008855780885,0.5406544504453575,,0,,0.06435180858024114,0.06451612903225806,18589.5,0,238500.0,,0.928970624308037,36.0,12.0,0.5,12.0,833915.6549999997,0,-24723,0.967741935483871,0.0,432273,0.0,0.3254721846419856,0
0.7211945146270723,0.5549467685334323,0.3469919612351872,0,-986.0,0.0252793171254916,,50908.5,1,1800000.0,,,,,0.5555555555555556,,,0,-11897,,0.0,247233,1.0,0.8554799637520817,3
0.4384414500722865,0.6161216908872079,,1,-4359.0,0.029356,0.02127659574468085,33025.5,0,1125000.0,,0.9898360211440123,51.0,19.0,1.0,17.25,2000346.0300000003,1,-12495,1.2055407847563862,0.0,278144,1.0,0.5359208585952981,2
0.5843935036168766,0.2778856891082046,0.6236967460717137,1,-1617.0,0.0795489064398542,2.3152173913043477,18855.0,0,180000.0,,0.9382818846132461,59.0,16.2,0.375,21.5,1267581.7800000012,1,-13038,0.8259134661871402,0.0,143047,0.0,0.42919355164219963,0
0.574332428050031,0.3979463219016906,0.5434211332633108,1,-7167.0,0.029356,2.176470588235294,33025.5,0,1125000.0,18.0,1.031662732252802,48.0,23.11111111111111,0.2,32.333333333333336,2035614.78,1,-13920,0.8039215686274508,0.0,427369,1.0,0.5281921858625458,2
0.4972520627178666,0.5989262182569273,0.5324423814508014,0,-1916.0,0.035532608695652175,0.0,44131.5,0,1242000.0,,1.0250265167585915,4.0,3.0,0.0,3.0,30365.1,0,-14091,1.0,0.0,213442,1.0,0.6329162216974873,3
0.7017585556194845,0.3910549766342248,,0,-3873.0,0.07502029005963513,0.014084507042253521,38268.0,0,481500.0,4.0,0.9431553633020138,75.0,9.6,0.5555555555555556,22.59259259259259,2451859.605000001,0,-20242,1.2735741147477941,0.0,111824,0.0,0.48303657098814656,2
0.6223948267636338,,0.4944893972609095,0,-4920.0,0.06442390678941312,0.04736842105263158,16123.5,0,198000.0,,0.8783239706455576,104.0,15.25,,15.555555555555555,4555729.260000001,0,-11837,1.0305646997374527,0.0,177915,0.0,0.4023729105308873,4
0.4495128056846686,0.6674577419214722,0.3912624881712374,0,-364.0,0.0711163485386207,0.00980392156862745,23355.0,0,283500.0,1.0,0.9634523497088588,46.0,15.333333333333334,0.8,15.333333333333334,1267138.0349999995,1,-13802,1.0,1.0,273064,1.0,0.5922444735157126,0
0.7942801875095303,0.5352762504724826,,1,-5885.0,0.026482142857142857,0.0,33367.5,1,1260000.0,,0.0,,0.0,0.8,0.0,963623.2950000002,1,-16877,0.9342105263157895,0.0,229410,1.0,0.6450599609028866,3
0.6485450022843239,0.8193176922872417,,1,-3077.0,0.09889575971731449,18.11111111111111,10075.5,1,90000.0,,1.0406762366503,44.0,14.0,0.7647058823529411,14.0,682875.8549999999,1,-24309,1.545630749978757,0.0,330657,1.0,0.7797492438546657,0
0.6865236222491687,0.5495965024956946,0.2869440197542969,1,-1834.0,0.06434914681586411,14.581967213114755,18684.0,0,220500.0,18.0,0.7511895486419522,89.0,14.666666666666666,0.75,12.5,1837150.5600000008,1,-15840,0.9180327868852459,0.0,204472,1.0,0.5877691220325587,2
0.7305447117906839,,,1,,0.09911660777385159,0.0,7573.5,0,67500.0,,1.0151221532843557,23.0,10.0,,10.0,132631.06499999997,1,-23354,1.0,0.0,191000,0.0,0.45005879833225504,1
0.7034674280283372,,0.6752328997480148,1,-4155.0,0.026443510904540578,0.10204081632653061,53253.0,0,1800000.0,,1.0417774879148194,53.0,18.8,0.0,18.8,3988489.454999998,1,-18261,1.3044172726207617,0.0,232625,1.0,0.5687527469520542,5
0.7257355852164029,,0.7478925246145545,1,-1693.0,0.03238264873905772,0.1935483870967742,33543.0,0,904500.0,20.0,0.7417954908219118,28.0,12.0,,7.2,1248381.8999999997,1,-19046,0.9677419354838711,0.0,455708,0.0,0.40560576682837957,0
0.6529285252867993,0.4276573700350293,0.5701514357269529,1,-7205.0,0.0775712794353906,0.7417582417582418,55840.5,0,679500.0,,0.791832966285685,67.0,14.4,0.3333333333333333,14.4,3196042.6499999994,1,-14504,0.9241062008746471,0.0,182675,1.0,0.7558929931158688,5
0.7411067588408454,,0.771896437266414,1,-1313.0,0.07214522813795173,0.0,51934.5,1,679500.0,8.0,1.0,11.0,7.0,,7.0,597482.325,1,-8863,1.0,0.0,197048,1.0,0.6934285919330083,0
0.1106987804366184,0.5406544504453575,0.4721408342198515,1,-157.0,0.03799,0.0,17095.5,0,450000.0,,0.8536331017602901,98.0,27.0,0.4,28.941176470588236,2981203.0199999977,1,-15277,1.0,0.0,316144,0.0,0.37239747450667027,5
0.723724477598052,0.7764098512142026,0.6027137715246002,1,-2532.0,0.03475986440211312,0.0,54540.0,1,1354500.0,,1.25,4.0,12.0,1.0,12.0,57496.275,0,-15237,1.0,0.0,377074,1.0,0.8552838352947013,3
0.6343890169993625,0.7295666907060153,0.7075567031578124,1,,0.0672565785478894,0.14606741573033707,54828.0,0,769500.0,10.0,0.8772194682842958,87.0,31.5,0.7333333333333333,31.5,2191011.0750000007,1,-20706,0.9550561797752809,0.0,348269,1.0,0.7598759033204093,2
0.6631189963674364,0.445396241560834,0.6594778204359404,1,-4363.0,0.02933649480104248,2.63302752293578,39307.5,0,1170000.0,22.0,0.6893520657874164,88.0,24.0,0.75,24.0,2536418.97,1,-19486,0.7339449541284404,0.0,241700,1.0,0.6881541296753262,5
0.7514732887164949,0.524496446363472,0.7381803780255335,1,-2420.0,0.051778600969223355,0.27586206896551724,73467.0,1,1354500.0,6.0,1.125,30.0,24.0,0.4,24.0,2250991.17,1,-14269,0.9655172413793104,0.0,124255,1.0,0.8560642798994975,2
0.3339790848089126,0.6246146584503397,,0,,0.03316278113434347,2.9285714285714284,37741.5,1,931500.0,,0.9861236066088864,24.0,11.0,0.5,11.0,343522.35,0,-22191,0.7857142857142857,0.0,280137,0.0,0.38220858947662995,3
0.4683254288358074,0.7700870700124128,,1,-3519.0,0.1066077738515901,0.0,27153.0,0,225000.0,,1.0555555555555556,8.0,6.0,1.0,6.0,237676.67999999996,1,-12533,1.0,0.0,133728,1.0,0.6550843197867626,1
0.7362440585331582,0.4066174366275036,0.3882601935819587,1,-631.0,0.04699749293644793,1.1818181818181819,15943.5,0,238500.0,2.0,1.0106470427056014,9.0,10.0,0.5,10.0,133940.88000000003,0,-14420,0.7272727272727272,1.0,273736,1.0,0.5440680903146282,1
0.5587929868686493,0.4365064990977374,0.2705881716274396,0,-596.0,0.05135051546391753,0.5675675675675675,22414.5,0,436500.0,5.0,0.7803221379426173,114.0,15.25,0.4,15.25,1158276.6899999988,1,-15554,0.9369369369369369,0.0,123500,0.0,0.4471880086128095,0
0.7506514945572494,,,0,,0.044396211523283345,6.944444444444445,16200.0,0,315000.0,,0.9380863039399625,14.0,12.0,,12.0,138060.315,0,-23351,0.6666666666666667,0.0,149761,0.0,0.17432563366295806,1
0.6767198741483159,,0.2390469463124904,1,-3469.0,0.06712965369540583,0.835820895522388,29056.5,0,391500.0,,0.9708450485311305,68.0,18.8,,27.4,1504142.7750000001,1,-10218,0.9402985074626866,0.0,346122,0.0,0.2448788884577192,2
0.3233073428021054,0.6706517530862718,,1,,0.03615422721268164,6.5,19705.5,0,450000.0,,0.9690431519699813,48.0,12.0,0.5,12.0,203540.40000000005,0,-23598,0.7142729095940753,0.0,368649,0.0,0.31761563177166785,1
0.3947591542185754,0.41534714488434,0.7658077315643158,1,-7034.0,0.05,0.015873015873015872,9000.0,1,180000.0,9.0,0.7916454714866599,26.0,16.8,0.631578947368421,17.0,2518282.0349999997,0,-14864,1.2301597800812556,0.0,279401,1.0,0.8591614718442675,5
0.2746462552988685,0.8128226070575616,,1,-2420.0,0.09517080553496417,0.05660377358490566,55462.5,0,540000.0,3.0,1.0029572031290708,57.0,16.0,0.6666666666666666,16.0,1981725.5249999994,1,-16771,1.0,0.0,204098,0.0,0.44713204423969666,2
0.7439162503773249,0.2594676548211199,,0,-469.0,0.0388872970391595,1.1818181818181819,36643.5,1,675000.0,17.0,0.9221614217444408,49.0,15.333333333333334,0.75,15.333333333333334,882259.5150000002,0,-18662,0.9589260758324452,1.0,387125,0.0,0.3277236224506752,0
0.7377233911616158,0.6092756673894402,,1,-2209.0,0.09948201092194026,0.019230769230769232,22297.5,0,198000.0,16.0,0.6217458315485612,52.0,36.0,0.25,36.0,1264574.789999999,1,-13803,1.0,0.0,358526,1.0,0.5310989807236817,0
0.7517386548326639,0.4848514754962666,,0,-5960.0,0.05,0.0,15750.0,1,315000.0,,1.0149159193943924,35.0,11.0,1.0,11.0,362679.795,0,-15291,1.0,0.0,449687,1.0,0.734092102525814,1
0.7771904602123315,0.501075160239048,0.620667154164569,1,-588.0,0.03808333333333333,,20565.0,0,540000.0,8.0,,,,0.2,,,0,-17545,,0.0,381848,1.0,0.7022498842465115,1
0.3298090492838555,0.633031641417419,,1,-1456.0,0.05,0.0,13500.0,0,270000.0,2.0,1.1111111111111112,9.0,10.0,0.75,10.0,231303.105,1,-12034,1.0,0.0,252816,0.0,0.4549779150072878,1
0.6268503886840149,0.3740208032583212,,1,-114.0,0.04249642474079371,0.0,42790.5,0,900000.0,,1.0,10.0,12.0,0.7142857142857143,12.0,136356.12,1,-17370,1.0,0.0,412629,0.0,0.3719332255566188,3
0.4208776245950122,0.4812493411434029,0.5913580721807042,0,-5515.0,0.0483,0.045871559633027525,32602.5,1,675000.0,,0.9806985600014234,5.0,30.0,0.2,36.0,6229949.4,1,-17494,1.1218721948800205,0.0,260778,1.0,0.5543204873564916,4
0.6684082851964619,0.3996756156233169,0.7674414043020031,1,-2542.0,0.04236227045075125,0.0,22837.5,0,450000.0,,1.0384774378835382,22.0,17.333333333333332,0.5,17.333333333333332,2304710.7299999995,1,-23482,1.0,0.0,157597,1.0,0.7839170082219772,2
0.3768278552034466,0.5585066276769286,0.2986869181134109,0,-2329.0,0.042515,1.3235294117647058,38263.5,0,900000.0,11.0,0.9538514048962222,33.0,30.0,1.0,31.5,2395595.295,1,-14399,1.0400019580366615,0.0,118268,0.0,0.43567183407744103,2
0.6443618247207785,0.3807996826489149,,0,-4853.0,0.0293345199182327,0.14285714285714285,39456.0,0,1174500.0,9.0,1.0343449942925458,74.0,15.714285714285714,0.95,15.714285714285714,1340160.0750000007,1,-17810,0.9714285714285714,0.0,422769,0.0,0.4025793186462946,2
0.6283019073031504,0.6545292802242897,0.6157433779098226,1,-732.0,0.05,1.6422018348623852,20250.0,0,405000.0,,0.8130350267113005,100.0,15.333333333333334,0.3333333333333333,11.6,1563942.78,0,-16664,0.8348623853211007,0.0,112583,1.0,0.6631019498409754,2
0.5209224022952029,0.1146524943029705,,1,-2335.0,0.05106,0.0784313725490196,34465.5,0,675000.0,,0.9289412117071231,52.0,26.0,0.1111111111111111,19.5,1707632.865000002,1,-13147,0.9803921568627451,0.0,293000,0.0,0.12315015688102682,2
0.62644621332867,0.4329616670974407,0.7331560451548977,1,-3283.0,0.04246817178747241,0.05263157894736842,56290.5,0,1125000.0,,0.9208003687736077,42.0,22.8,1.0,22.8,3665777.0400000014,1,-16734,1.0,0.0,218736,1.0,0.7902150841753932,5
0.3165041050523579,0.6738300778602003,0.5467681553903583,1,-679.0,0.05,0.0,9000.0,1,180000.0,10.0,1.516919926716241,13.0,9.0,0.75,9.0,223763.175,0,-11979,1.0,0.0,237675,1.0,0.8385339553632735,1
0.7426185137319093,0.4686596550493113,0.8255552665833183,1,-1362.0,0.04133446549874866,0.18518518518518517,83241.0,1,1800000.0,3.0,0.9891841913191094,29.0,18.0,0.9,18.0,2608404.12,0,-14831,0.9629629629629629,0.0,421102,1.0,0.9190771379295791,5
0.7315078558912134,0.6817058776720116,,1,,0.057693069306930696,0.2222222222222222,26221.5,0,454500.0,,0.9025392902917989,64.0,39.6,0.8571428571428571,33.75,5623060.230000001,1,-22082,0.9365079365079365,0.0,248683,1.0,0.5088428538448633,4
0.4190824704975109,0.646329897706246,0.7540861686015278,1,-2888.0,0.03965833333333333,0.36666666666666664,42831.0,0,1080000.0,,0.8478190616526626,29.0,15.0,0.3333333333333333,15.0,550427.5349999998,1,-19757,0.9333333333333333,0.0,338258,1.0,0.7573957301059226,3
0.625990664995801,0.4014074137749511,,1,-4238.0,0.044277373179306884,0.05855855855855856,25389.0,0,495000.0,2.0,0.9225572687018179,88.0,32.0,0.3333333333333333,32.5,4858270.245000002,1,-17861,0.9774774774774775,0.0,256855,0.0,0.26559435012098254,4
0.3176452800511751,0.6058362647264226,,1,-2182.0,0.032478373045985734,0.07407407407407407,19260.0,0,495000.0,,0.9196263049451782,29.0,10.0,0.5454545454545454,29.0,715178.7,1,-18209,0.9629629629629631,0.0,183474,0.0,0.3482789462226459,0
0.4495723291240409,0.3876253444214701,,1,-12620.0,0.02943046357615894,0.8461538461538461,19998.0,0,679500.0,,0.9293926404964029,88.0,14.285714285714286,0.75,17.818181818181817,1637502.795000001,1,-19765,27.86633117008807,0.0,133619,0.0,0.38832083060234013,2
0.4156951372431917,,,1,-542.0,0.04905468295520651,3.375,15178.5,0,202500.0,,0.8956680902989628,13.0,12.0,,12.0,165219.97499999998,1,-17044,0.75,0.0,346317,0.0,0.08556156869113507,1
0.5963865336836013,,,0,-299.0,0.09343339587242026,,13446.0,0,135000.0,,,,,,,,0,-7935,,0.0,407013,0.0,0.18823041158992226,1
0.7879750113778982,0.656158373001177,,1,,0.09740462789243277,0.0,14017.5,0,135000.0,,0.9613039399624765,62.0,12.0,0.14285714285714285,12.0,933198.2549999997,1,-25163,1.0,0.0,348926,1.0,0.6385961356468639,0
0.7682702476627273,0.6397075677637197,,1,-5864.0,0.07507703500813147,11.91358024691358,31576.5,1,360000.0,10.0,0.9647468449138572,105.0,17.6,1.0,17.6,4112924.579999999,0,-22159,0.981629444861849,0.0,422919,1.0,0.701692890442682,5
0.4439242880880962,0.2608559142068693,,1,-381.0,0.05598058252427184,2.0697674418604652,51894.0,0,927000.0,,1.0309726052434316,74.0,8.5,0.4,11.555555555555555,1065910.3650000005,1,-17858,0.8294573643410851,0.0,215299,0.0,0.2519670482508187,0
0.5915716353796326,0.7435593141311444,0.4188443754338169,0,-3757.0,0.029298831385642737,0.0,63180.0,0,1800000.0,13.0,0.828684180134692,34.0,7.0,0.6,8.0,924241.8599999999,1,-14959,1.0,0.0,349400,1.0,0.8270963275216918,3
0.5499768101872777,0.8224987619370829,,1,-2902.0,0.029348054206392037,0.7,35239.5,0,1048500.0,22.0,1.1111111111111112,11.0,10.0,1.0,10.0,128081.65500000001,0,-20232,1.0,0.0,217092,1.0,0.5414091392762527,3
